{
    "desk": {
        "PxKey" : [-18.210426085816923, 14.155840851402775, -5.954618240455879, -30.069425753526716, -8.68918959963663],
	    "PyKey" : [147.7394041347256, 40.16273947145469, -2.315295624737873, -75.43381971571996, -198.43381971571995],
	    "PzKey" : [-73.81922701216679, 1.1228435519628173, 14.025126995276748, 59.8385966589582, -1.947536332215347],
	    "RxKey" : [-2.747292795034819, 1.9880055433982746, 1.7244907131919927, 0.08914142778441, 1.5707963267948972],
	    "RyKey" : [-0.3447327494200625, 1.3428862462967754, 0.04465163038297755, -0.37912502957241256, 0],
	    "RzKey" : [2.386404290083237, 3.40339, 2.8610561812624917, 0.033067542807483835, 0.2524948722906986]
    },
    "movil": {
        "PxKey" : [63.60011752649689, 52.155660078014435, 46.489743123008, 74.27971675946814, 6.90649615121295],
        "PyKey" : [127.67108027624823, 80.17108027624852, -1.8289197237514827 , -114.82891972375148, -264.3289197237515],
        "PzKey" : [-118.03795392193378, -77.92219151225389, -69.08209054795668, -112.4406809918906, -0.7824457669215876],
        "RxKey" : [-3.0991986113708725, -3.0991986113708725, -3.069417134970282, -3.069417134970282, -4.692268316654812033],
        "RyKey" : [0.5195876567127464, 0.5195876567127464, 0.5687914698042928, 0.5687914698042928, 0.016468014160117138],
        "RzKey" : [3.1205335622209334, 3.1205335622209334, 3.102669918113523, 3.102669918113523, 3.8331846057]
    }
}